ID,PRED
3643,<=50K
16036,<=50K
9401,<=50K
17903,>50K
5198,>50K
28766,<=50K
4638,<=50K
1487,<=50K
20373,<=50K
9811,<=50K
345,<=50K
5975,<=50K
3286,>50K
25529,<=50K
4421,<=50K
23973,<=50K
31101,<=50K
28737,<=50K
13321,<=50K
29498,<=50K
21002,<=50K
21366,<=50K
8094,<=50K
11782,<=50K
13855,<=50K
26842,>50K
26065,>50K
26127,<=50K
23772,>50K
1616,>50K
16643,<=50K
29996,<=50K
23274,>50K
16917,>50K
23550,<=50K
29490,<=50K
4850,<=50K
18341,<=50K
1530,>50K
28619,>50K
14100,<=50K
2201,>50K
3282,<=50K
28648,>50K
2507,>50K
14726,<=50K
27677,<=50K
18598,>50K
9693,<=50K
20100,>50K
28793,<=50K
28008,>50K
11866,>50K
15418,>50K
2649,>50K
15073,<=50K
11655,>50K
19955,<=50K
19014,<=50K
28236,>50K
6149,<=50K
25412,>50K
3068,>50K
9169,<=50K
18415,<=50K
7759,<=50K
9870,>50K
13819,>50K
27539,<=50K
15685,<=50K
18245,<=50K
12113,<=50K
25339,<=50K
1331,<=50K
19195,<=50K
29149,<=50K
12883,<=50K
19640,>50K
8030,<=50K
30808,<=50K
20623,<=50K
9273,>50K
22945,>50K
3899,<=50K
12079,<=50K
9544,>50K
1923,>50K
17612,>50K
23970,<=50K
29234,<=50K
7922,<=50K
30461,>50K
4032,<=50K
27327,<=50K
26527,>50K
3578,<=50K
15537,<=50K
196,<=50K
9658,<=50K
13114,>50K
18002,<=50K
20951,>50K
20410,<=50K
20050,<=50K
2361,>50K
20295,<=50K
11177,<=50K
11291,>50K
9176,>50K
29270,>50K
17410,<=50K
20353,>50K
30283,<=50K
26298,<=50K
16089,>50K
6847,>50K
14355,<=50K
19587,<=50K
3820,<=50K
25366,<=50K
21879,<=50K
25947,<=50K
12347,>50K
1837,>50K
15294,<=50K
3049,>50K
29343,<=50K
5513,>50K
27774,>50K
10013,>50K
4448,<=50K
18043,<=50K
25243,<=50K
13069,<=50K
11566,<=50K
30062,<=50K
6535,<=50K
27441,<=50K
14200,>50K
20082,<=50K
10814,<=50K
16506,<=50K
28852,>50K
26674,<=50K
8557,<=50K
31438,<=50K
11743,<=50K
29221,<=50K
13278,<=50K
12287,<=50K
821,>50K
23768,<=50K
31237,>50K
19639,<=50K
4903,<=50K
28256,<=50K
30749,<=50K
8687,<=50K
12114,>50K
24801,<=50K
32296,<=50K
15214,<=50K
9020,>50K
11505,>50K
3833,<=50K
20729,>50K
20414,<=50K
21098,<=50K
1866,>50K
30464,<=50K
27157,<=50K
18498,<=50K
15278,>50K
18273,<=50K
28187,<=50K
18669,<=50K
14240,>50K
6690,<=50K
14770,<=50K
32094,<=50K
30742,<=50K
31601,>50K
28683,<=50K
6556,<=50K
4667,<=50K
29555,<=50K
16359,<=50K
29164,>50K
19707,<=50K
13021,<=50K
21743,<=50K
28964,<=50K
21759,<=50K
29213,<=50K
27275,>50K
29330,<=50K
27387,<=50K
23746,<=50K
20948,<=50K
7558,<=50K
22474,<=50K
30154,<=50K
30598,<=50K
29023,>50K
24920,<=50K
5601,<=50K
18392,<=50K
8821,<=50K
19401,<=50K
20949,>50K
19530,>50K
27130,<=50K
19815,<=50K
4519,>50K
21453,>50K
4877,>50K
14760,>50K
14741,<=50K
3132,>50K
31114,<=50K
15614,>50K
2885,>50K
19070,>50K
8373,<=50K
4502,<=50K
12705,<=50K
3353,<=50K
22722,>50K
24555,<=50K
17574,<=50K
14704,<=50K
4254,>50K
24575,<=50K
12805,>50K
28608,<=50K
9285,>50K
12469,<=50K
8049,<=50K
10883,<=50K
28981,<=50K
14762,<=50K
29321,<=50K
2229,>50K
15482,<=50K
28438,<=50K
21413,<=50K
1684,>50K
17723,<=50K
26300,>50K
19391,<=50K
13040,<=50K
25765,<=50K
20962,<=50K
7552,<=50K
5688,>50K
1247,<=50K
5551,<=50K
6522,<=50K
30883,<=50K
20630,<=50K
17739,>50K
7781,>50K
26835,<=50K
3619,<=50K
23342,<=50K
20138,<=50K
18518,>50K
3921,<=50K
27046,<=50K
25744,>50K
10476,<=50K
16291,>50K
14992,<=50K
26472,>50K
21066,<=50K
11290,<=50K
31638,<=50K
31948,<=50K
20413,<=50K
369,>50K
12761,>50K
4168,<=50K
31156,<=50K
5327,<=50K
19912,<=50K
14930,<=50K
26687,<=50K
20599,>50K
24803,<=50K
19946,>50K
21501,>50K
24608,<=50K
19134,<=50K
12291,>50K
24421,<=50K
573,>50K
8544,<=50K
11489,<=50K
16996,<=50K
1655,>50K
28526,<=50K
14881,<=50K
83,<=50K
12181,<=50K
14767,<=50K
16070,>50K
23436,<=50K
20404,<=50K
23002,<=50K
1516,<=50K
25157,>50K
23296,<=50K
24924,<=50K
7289,<=50K
4170,<=50K
23757,>50K
10369,<=50K
16511,<=50K
8672,<=50K
24932,<=50K
28698,>50K
13837,>50K
21024,>50K
17050,<=50K
23841,>50K
5467,<=50K
31113,<=50K
19631,<=50K
6863,<=50K
14759,<=50K
18391,>50K
29085,<=50K
3160,>50K
23033,<=50K
30328,<=50K
28749,>50K
5306,<=50K
24550,<=50K
20712,>50K
30605,>50K
31699,<=50K
7484,<=50K
28176,<=50K
32123,<=50K
28002,<=50K
22948,>50K
3592,<=50K
9375,>50K
27304,<=50K
16041,<=50K
13529,<=50K
7998,<=50K
499,>50K
3184,<=50K
31779,<=50K
14608,<=50K
5026,>50K
6187,<=50K
8970,<=50K
18092,<=50K
222,>50K
16695,<=50K
30133,<=50K
24197,>50K
28188,<=50K
9736,<=50K
27770,<=50K
8889,>50K
16398,<=50K
2876,>50K
14856,<=50K
25786,<=50K
10700,<=50K
22799,<=50K
2001,>50K
9251,<=50K
17097,>50K
16265,>50K
26639,<=50K
20297,<=50K
5685,<=50K
29479,<=50K
7582,<=50K
5598,>50K
22681,>50K
16883,>50K
12369,<=50K
32154,<=50K
16316,<=50K
5706,<=50K
15840,<=50K
24145,<=50K
1278,<=50K
22676,<=50K
3780,<=50K
16572,<=50K
5929,<=50K
15062,<=50K
9849,>50K
12036,>50K
23354,<=50K
21331,>50K
31141,>50K
15409,>50K
22957,>50K
8051,<=50K
14279,<=50K
15652,<=50K
1281,<=50K
408,>50K
14185,>50K
4900,>50K
19948,<=50K
5570,<=50K
12736,<=50K
25691,<=50K
1398,>50K
5771,<=50K
3725,<=50K
6741,<=50K
25754,<=50K
26669,<=50K
2308,>50K
28571,<=50K
6237,<=50K
31501,>50K
26040,>50K
11863,<=50K
3660,<=50K
27614,<=50K
23511,<=50K
23859,>50K
18586,<=50K
30684,<=50K
31740,>50K
25980,<=50K
27484,<=50K
1090,<=50K
24250,<=50K
24500,>50K
5523,<=50K
15426,<=50K
17891,>50K
16623,>50K
15259,<=50K
11068,<=50K
15348,<=50K
6462,>50K
31847,<=50K
6214,<=50K
11610,<=50K
29271,<=50K
13038,>50K
22627,<=50K
20513,<=50K
24643,<=50K
14510,<=50K
25021,>50K
27676,<=50K
26412,<=50K
14224,<=50K
18887,>50K
7886,<=50K
12073,>50K
19011,<=50K
1109,<=50K
29876,<=50K
30848,>50K
7794,<=50K
32106,<=50K
15631,>50K
1791,>50K
14085,<=50K
22039,<=50K
13664,<=50K
21106,<=50K
29422,<=50K
8300,<=50K
16624,>50K
14118,<=50K
31369,>50K
18110,<=50K
19651,<=50K
9358,<=50K
6438,>50K
17766,>50K
18007,<=50K
26602,<=50K
11024,>50K
5466,<=50K
23016,<=50K
6672,>50K
10299,<=50K
4341,>50K
4058,<=50K
23187,<=50K
17328,<=50K
2208,>50K
20791,>50K
2798,>50K
8057,<=50K
11925,<=50K
7100,<=50K
2425,>50K
31442,<=50K
10351,<=50K
22674,>50K
26521,<=50K
216,<=50K
5006,>50K
17792,<=50K
5114,<=50K
5814,<=50K
15178,>50K
23933,<=50K
26821,<=50K
8151,<=50K
9000,<=50K
1427,<=50K
16664,<=50K
8132,>50K
22058,>50K
10421,<=50K
27419,<=50K
4689,>50K
10370,<=50K
1660,>50K
29132,<=50K
25571,<=50K
16169,<=50K
10285,<=50K
2730,>50K
13020,<=50K
21072,<=50K
21232,>50K
28810,<=50K
3703,>50K
23392,>50K
9226,<=50K
16834,<=50K
11476,<=50K
28476,<=50K
18022,<=50K
22327,>50K
16222,>50K
16752,<=50K
20418,<=50K
30618,>50K
14127,<=50K
5535,<=50K
31913,<=50K
15478,<=50K
32472,<=50K
13346,<=50K
32261,<=50K
17498,<=50K
12483,>50K
24341,>50K
24866,<=50K
27839,<=50K
4419,>50K
13005,<=50K
18683,<=50K
8141,<=50K
23516,<=50K
5654,<=50K
29532,>50K
8223,<=50K
23611,<=50K
26899,>50K
11389,<=50K
12264,<=50K
14921,<=50K
15915,<=50K
13287,>50K
13484,>50K
2868,>50K
14867,<=50K
29306,<=50K
18010,<=50K
31719,<=50K
18728,<=50K
8824,>50K
17799,<=50K
9138,<=50K
4343,<=50K
1288,<=50K
1912,>50K
10645,>50K
20945,<=50K
20591,<=50K
17817,<=50K
10887,>50K
19712,>50K
29080,<=50K
18086,>50K
13098,<=50K
12027,>50K
5139,<=50K
24200,<=50K
7217,<=50K
9194,<=50K
31449,<=50K
27749,>50K
29337,<=50K
24988,<=50K
11153,<=50K
5576,<=50K
11097,<=50K
3315,>50K
10422,<=50K
9872,<=50K
26920,<=50K
15181,<=50K
10981,<=50K
21144,>50K
23667,>50K
29137,>50K
7420,>50K
4978,>50K
1456,<=50K
19898,>50K
26725,<=50K
16937,<=50K
22269,<=50K
8310,>50K
30338,<=50K
5325,<=50K
5386,<=50K
25015,>50K
31015,<=50K
8487,<=50K
3398,>50K
9380,<=50K
5662,<=50K
23653,>50K
15028,<=50K
7997,<=50K
25855,<=50K
24390,>50K
4199,<=50K
8651,<=50K
13911,<=50K
29880,<=50K
388,>50K
22540,<=50K
8225,<=50K
31967,<=50K
17299,<=50K
24913,<=50K
22176,<=50K
20359,>50K
13035,<=50K
21582,<=50K
20290,<=50K
7768,<=50K
6290,>50K
8723,>50K
23018,>50K
10056,<=50K
14040,<=50K
24654,<=50K
3579,<=50K
19082,<=50K
32185,>50K
25775,<=50K
29925,<=50K
22758,>50K
5657,<=50K
22632,<=50K
12238,>50K
26901,<=50K
18212,>50K
28091,<=50K
19861,>50K
5864,<=50K
21268,<=50K
20974,<=50K
10989,<=50K
23451,<=50K
5425,<=50K
26095,<=50K
8278,>50K
17840,>50K
20270,>50K
14020,<=50K
12754,>50K
27370,<=50K
22155,<=50K
31934,<=50K
2647,>50K
22227,>50K
15955,<=50K
30138,>50K
24785,<=50K
26407,<=50K
30715,<=50K
4121,<=50K
22646,<=50K
2497,>50K
18941,>50K
1668,>50K
19435,<=50K
23635,>50K
14149,<=50K
10091,<=50K
19667,>50K
19997,>50K
9998,<=50K
28800,>50K
5934,<=50K
11052,>50K
1023,<=50K
20549,<=50K
7278,<=50K
22426,<=50K
29966,<=50K
18995,>50K
31953,<=50K
26797,>50K
8267,>50K
22435,>50K
16443,<=50K
1786,>50K
17362,>50K
19098,<=50K
29742,<=50K
25236,>50K
24108,>50K
14202,>50K
24120,>50K
1555,>50K
27161,<=50K
29971,<=50K
491,>50K
17311,<=50K
9298,<=50K
31958,>50K
23542,>50K
10300,<=50K
29097,>50K
26855,<=50K
19681,<=50K
14722,>50K
13059,<=50K
19050,<=50K
27657,>50K
27417,<=50K
3705,>50K
12912,<=50K
21064,>50K
7947,<=50K
26905,>50K
29904,<=50K
2900,>50K
24044,<=50K
7790,<=50K
32170,<=50K
6528,<=50K
15497,<=50K
28589,<=50K
31985,<=50K
24497,<=50K
32105,<=50K
23798,<=50K
18426,<=50K
22053,<=50K
31645,<=50K
20318,>50K
24834,<=50K
14137,<=50K
31676,<=50K
27830,<=50K
31594,>50K
9761,<=50K
14911,>50K
15112,<=50K
14960,<=50K
27678,<=50K
24967,<=50K
4577,<=50K
26608,>50K
22072,<=50K
12033,<=50K
20395,<=50K
15516,>50K
4457,>50K
24287,<=50K
6354,<=50K
3189,<=50K
26886,<=50K
23704,<=50K
13649,>50K
30147,<=50K
27994,<=50K
22608,<=50K
9541,<=50K
15820,<=50K
15336,<=50K
10491,<=50K
27518,<=50K
6234,>50K
4985,>50K
23210,<=50K
7680,<=50K
26820,<=50K
27219,<=50K
1406,>50K
4450,<=50K
3470,<=50K
25975,<=50K
7136,<=50K
4974,>50K
30573,<=50K
4461,<=50K
11191,<=50K
27035,<=50K
17635,>50K
9353,>50K
29014,<=50K
12584,<=50K
23440,<=50K
2847,>50K
19633,<=50K
26418,<=50K
29979,<=50K
30443,<=50K
7306,<=50K
28373,<=50K
32250,<=50K
28719,>50K
31464,<=50K
14724,<=50K
21419,<=50K
843,>50K
20688,<=50K
4981,<=50K
26704,<=50K
27527,<=50K
28019,<=50K
30691,<=50K
21524,<=50K
16687,<=50K
28744,<=50K
28639,<=50K
18605,<=50K
14573,>50K
24110,>50K
13608,>50K
27538,<=50K
26609,<=50K
11444,<=50K
9329,<=50K
18826,>50K
10261,<=50K
31406,>50K
1412,>50K
30230,>50K
21554,<=50K
28239,>50K
18204,<=50K
18368,<=50K
27921,<=50K
7665,<=50K
8900,<=50K
30330,<=50K
11305,<=50K
31413,>50K
20402,<=50K
27033,<=50K
17151,<=50K
24066,<=50K
21721,>50K
14144,>50K
28162,<=50K
7468,>50K
27075,<=50K
25815,>50K
32064,<=50K
14570,>50K
19261,>50K
20461,<=50K
8248,>50K
12986,>50K
31593,<=50K
18078,<=50K
21479,>50K
7261,<=50K
2476,>50K
14368,<=50K
4513,<=50K
4084,<=50K
20946,<=50K
8932,<=50K
6935,>50K
14438,<=50K
19739,>50K
25762,>50K
457,>50K
18307,<=50K
18774,>50K
7690,>50K
28007,>50K
9831,<=50K
10536,<=50K
96,>50K
31763,<=50K
10898,<=50K
15570,<=50K
15838,<=50K
16785,<=50K
5160,<=50K
2764,>50K
8925,>50K
4273,<=50K
9904,<=50K
21841,<=50K
28952,<=50K
31318,>50K
30226,<=50K
6000,<=50K
25688,<=50K
12749,<=50K
32085,<=50K
29101,<=50K
217,>50K
30800,>50K
19590,>50K
9038,<=50K
32247,>50K
12788,<=50K
30162,>50K
28988,<=50K
9405,<=50K
15209,>50K
32475,<=50K
21009,<=50K
6760,<=50K
24402,<=50K
9058,<=50K
27721,<=50K
12384,<=50K
1788,>50K
7109,<=50K
30348,<=50K
32153,<=50K
19350,<=50K
2726,>50K
625,>50K
18145,<=50K
18283,<=50K
30168,<=50K
14793,<=50K
2406,>50K
18132,<=50K
30685,<=50K
13132,<=50K
10925,<=50K
12462,<=50K
6757,<=50K
20160,>50K
15808,<=50K
30427,<=50K
1520,>50K
11955,<=50K
17902,>50K
210,<=50K
5464,<=50K
11500,<=50K
10930,<=50K
462,>50K
26915,<=50K
16308,<=50K
8540,<=50K
15677,>50K
27032,<=50K
6769,<=50K
12214,<=50K
12892,>50K
14297,>50K
21377,<=50K
31102,>50K
10244,<=50K
11000,<=50K
30098,<=50K
3378,>50K
16383,<=50K
32309,>50K
890,>50K
18912,>50K
13487,<=50K
25900,<=50K
8196,<=50K
21474,<=50K
28075,<=50K
21537,<=50K
5879,>50K
27553,<=50K
3798,>50K
4751,<=50K
6879,<=50K
19204,<=50K
14105,>50K
17592,<=50K
20798,<=50K
30051,<=50K
31099,>50K
14857,<=50K
24549,<=50K
18551,<=50K
23430,<=50K
13486,>50K
8908,<=50K
16839,>50K
23898,>50K
8653,<=50K
4744,<=50K
9426,<=50K
30639,<=50K
8658,>50K
2240,>50K
6726,<=50K
21433,<=50K
655,>50K
12086,<=50K
27030,>50K
22485,<=50K
9161,<=50K
12484,<=50K
10328,>50K
19761,<=50K
23784,<=50K
28285,<=50K
32434,<=50K
12704,<=50K
16000,>50K
2518,>50K
32242,<=50K
18871,<=50K
20188,>50K
25869,>50K
14564,<=50K
29390,>50K
11961,<=50K
19295,<=50K
27806,>50K
2554,>50K
13914,>50K
18695,>50K
15937,<=50K
26244,<=50K
24220,<=50K
4335,<=50K
17398,>50K
16238,<=50K
624,>50K
13060,<=50K
19002,<=50K
28617,>50K
15694,>50K
7251,<=50K
13480,<=50K
9188,>50K
20278,>50K
25012,<=50K
30369,<=50K
2893,>50K
29162,<=50K
22279,<=50K
6362,<=50K
10563,<=50K
16882,<=50K
26904,>50K
16734,<=50K
8188,>50K
30630,<=50K
7696,<=50K
28786,<=50K
27946,<=50K
13423,<=50K
27428,>50K
21747,>50K
9500,<=50K
28669,>50K
3507,<=50K
10958,<=50K
15204,<=50K
26817,<=50K
8874,<=50K
14652,<=50K
22756,<=50K
6366,<=50K
25915,>50K
762,>50K
14740,<=50K
16675,>50K
32363,>50K
2383,>50K
27801,>50K
9598,<=50K
29078,<=50K
29056,>50K
8647,<=50K
26478,>50K
32418,>50K
8513,<=50K
9573,>50K
18508,>50K
30556,<=50K
31606,>50K
25929,<=50K
16368,<=50K
18505,<=50K
14170,<=50K
18075,>50K
14117,>50K
4449,<=50K
14353,<=50K
22605,<=50K
9006,<=50K
9626,>50K
10628,>50K
14233,>50K
29381,<=50K
5172,<=50K
3835,>50K
29845,<=50K
5953,<=50K
9875,<=50K
3752,>50K
24651,>50K
26308,<=50K
10405,<=50K
1255,<=50K
8862,<=50K
11129,>50K
17637,<=50K
1291,<=50K
5337,<=50K
24187,<=50K
29153,>50K
26570,<=50K
19866,<=50K
10823,<=50K
8387,<=50K
5384,<=50K
10333,<=50K
17409,>50K
29931,>50K
12492,<=50K
25488,<=50K
1731,>50K
17036,>50K
22595,<=50K
15075,>50K
14023,>50K
896,<=50K
15196,>50K
6268,<=50K
30612,>50K
21967,>50K
3387,>50K
25568,<=50K
29315,<=50K
29780,>50K
19180,<=50K
11804,<=50K
20485,>50K
19524,<=50K
22289,>50K
928,<=50K
24291,<=50K
1959,>50K
465,>50K
21124,<=50K
17933,<=50K
18314,<=50K
18523,<=50K
21028,<=50K
28923,>50K
21276,<=50K
20165,<=50K
7581,>50K
19695,<=50K
25494,<=50K
3673,>50K
16481,<=50K
23691,<=50K
9093,<=50K
3122,>50K
15263,<=50K
31053,>50K
6442,<=50K
3910,<=50K
1377,<=50K
21391,<=50K
20883,>50K
24792,<=50K
18840,<=50K
3263,<=50K
26178,<=50K
26682,<=50K
8518,>50K
18447,<=50K
6529,<=50K
21952,<=50K
21965,<=50K
27385,<=50K
18137,<=50K
20686,<=50K
6526,>50K
15720,<=50K
1043,<=50K
7223,>50K
31214,<=50K
20575,<=50K
3916,<=50K
23385,<=50K
21070,<=50K
5201,>50K
9485,<=50K
243,<=50K
26173,<=50K
13531,<=50K
27015,<=50K
2842,>50K
24010,<=50K
6551,>50K
21570,<=50K
22244,<=50K
10882,<=50K
31381,<=50K
26633,<=50K
15561,<=50K
14913,<=50K
30939,<=50K
18929,>50K
6534,<=50K
26181,<=50K
13130,<=50K
18620,<=50K
27074,>50K
29758,<=50K
2791,>50K
1188,<=50K
6188,<=50K
6483,>50K
6914,<=50K
23448,>50K
8692,>50K
6390,<=50K
5732,>50K
4636,<=50K
8292,<=50K
25594,>50K
27017,<=50K
18717,>50K
428,>50K
24874,>50K
4679,<=50K
1337,<=50K
1588,>50K
8622,<=50K
4209,<=50K
25835,<=50K
11808,<=50K
10454,<=50K
23201,<=50K
27987,>50K
16247,<=50K
2536,>50K
4229,<=50K
23528,<=50K
11119,<=50K
13922,<=50K
6392,<=50K
8993,<=50K
18702,<=50K
17900,<=50K
31286,>50K
6253,<=50K
22969,<=50K
24175,<=50K
24705,<=50K
11993,<=50K
18390,>50K
31791,<=50K
3396,>50K
30668,<=50K
23316,<=50K
18018,<=50K
31134,<=50K
7650,>50K
12081,>50K
15362,>50K
22639,<=50K
10581,>50K
9301,<=50K
6758,<=50K
18006,>50K
27323,>50K
1122,>50K
10381,>50K
7427,<=50K
733,>50K
23227,<=50K
19452,>50K
4915,>50K
10296,<=50K
26869,<=50K
725,>50K
21060,<=50K
13899,<=50K
19749,>50K
14528,<=50K
20089,<=50K
17452,>50K
10154,<=50K
31509,<=50K
13504,>50K
13471,<=50K
9061,<=50K
29048,<=50K
25374,<=50K
9936,<=50K
28815,<=50K
24973,<=50K
32124,<=50K
31145,>50K
7330,<=50K
266,>50K
8153,<=50K
28103,>50K
4148,<=50K
29994,<=50K
21297,<=50K
27497,>50K
30140,<=50K
29008,<=50K
20196,<=50K
6011,>50K
19202,<=50K
28395,<=50K
9242,<=50K
13658,<=50K
29869,<=50K
30475,<=50K
28725,<=50K
3096,>50K
17550,<=50K
25456,<=50K
7653,<=50K
16786,<=50K
28336,<=50K
22503,<=50K
32182,<=50K
5144,>50K
10229,>50K
729,>50K
10993,>50K
10228,>50K
5485,>50K
9767,<=50K
18732,>50K
26449,<=50K
28700,<=50K
1092,<=50K
11773,<=50K
18226,<=50K
2213,>50K
28350,>50K
10430,<=50K
3847,<=50K
19519,>50K
13225,<=50K
26139,>50K
7229,<=50K
17103,>50K
2129,>50K
2231,>50K
4639,<=50K
6689,<=50K
15875,>50K
29709,>50K
22992,>50K
30683,<=50K
9728,>50K
31983,>50K
4902,<=50K
3031,>50K
18979,<=50K
9932,<=50K
13625,>50K
24773,>50K
12573,<=50K
2856,>50K
4528,<=50K
8416,<=50K
22835,<=50K
12104,>50K
26578,<=50K
2884,>50K
4813,<=50K
24624,>50K
28546,<=50K
16185,<=50K
25336,<=50K
25288,>50K
2638,>50K
4080,<=50K
19036,<=50K
873,>50K
3639,<=50K
2564,>50K
19688,>50K
3874,<=50K
27926,<=50K
26995,<=50K
31770,<=50K
4991,>50K
17236,<=50K
273,>50K
1330,>50K
11578,<=50K
28877,<=50K
22976,<=50K
29787,<=50K
12917,>50K
12035,>50K
423,>50K
10696,<=50K
11188,>50K
6745,<=50K
16128,>50K
26627,<=50K
32037,>50K
17426,>50K
1298,<=50K
13252,<=50K
11028,<=50K
2960,<=50K
7885,<=50K
26100,<=50K
11204,<=50K
11710,>50K
29086,<=50K
2168,>50K
9366,<=50K
14736,>50K
9091,<=50K
16973,>50K
19644,>50K
27725,<=50K
10890,<=50K
6656,<=50K
5679,<=50K
24309,<=50K
10231,>50K
19148,<=50K
6620,<=50K
12263,<=50K
24165,<=50K
7221,>50K
2286,>50K
996,<=50K
32444,>50K
7652,<=50K
23340,<=50K
31987,<=50K
14920,<=50K
1339,<=50K
5676,>50K
4556,<=50K
5511,<=50K
28302,<=50K
26692,>50K
31131,<=50K
27937,>50K
25082,<=50K
12783,<=50K
2540,>50K
24828,<=50K
9747,<=50K
16286,>50K
12610,<=50K
29628,<=50K
850,>50K
24021,<=50K
1815,>50K
14229,>50K
22487,>50K
28506,<=50K
23774,<=50K
25222,<=50K
4227,<=50K
23720,<=50K
11943,>50K
29491,<=50K
18189,<=50K
7912,<=50K
28275,>50K
15491,<=50K
26196,>50K
14938,>50K
9985,<=50K
23519,<=50K
20770,<=50K
28601,<=50K
9555,>50K
8986,<=50K
31180,>50K
10572,>50K
12964,<=50K
16515,<=50K
27119,<=50K
15554,>50K
17531,>50K
21012,<=50K
27110,>50K
9189,<=50K
7579,<=50K
8525,<=50K
27893,<=50K
29477,<=50K
9975,<=50K
6916,>50K
12535,>50K
20458,<=50K
24590,>50K
6725,>50K
17090,<=50K
15757,<=50K
23490,>50K
2331,>50K
32222,<=50K
26667,>50K
29735,<=50K
25524,>50K
15144,>50K
10943,<=50K
3792,<=50K
14014,<=50K
28264,<=50K
26025,<=50K
22321,>50K
13052,<=50K
5727,>50K
29730,<=50K
2095,>50K
6248,<=50K
14910,<=50K
1227,<=50K
27389,>50K
25814,<=50K
31386,>50K
12471,>50K
26946,<=50K
3219,<=50K
7249,<=50K
25282,>50K
11405,<=50K
18703,<=50K
4384,<=50K
31705,>50K
21319,<=50K
21250,<=50K
26565,<=50K
26544,>50K
28442,>50K
11114,<=50K
6223,<=50K
3383,>50K
1981,>50K
2772,>50K
21761,>50K
4982,<=50K
21668,<=50K
23208,<=50K
10493,<=50K
17588,<=50K
359,>50K
27038,>50K
12195,<=50K
25290,>50K
21423,>50K
26299,>50K
12527,<=50K
14909,>50K
15667,>50K
20577,<=50K
12981,<=50K
1385,>50K
4534,>50K
25079,<=50K
2973,>50K
25990,<=50K
11822,<=50K
8137,<=50K
5282,>50K
22833,<=50K
21882,<=50K
11466,<=50K
1328,<=50K
13062,<=50K
25871,<=50K
11582,<=50K
11764,>50K
16413,>50K
16794,>50K
5070,<=50K
14840,<=50K
22995,>50K
30021,<=50K
15306,<=50K
29070,<=50K
14128,<=50K
10515,<=50K
11462,<=50K
31325,<=50K
4969,>50K
1441,<=50K
2616,>50K
19864,<=50K
26343,>50K
7406,<=50K
13679,<=50K
16716,<=50K
19954,>50K
9201,<=50K
9575,<=50K
1510,<=50K
25490,<=50K
13143,<=50K
8293,>50K
26793,>50K
12724,<=50K
17899,>50K
27214,>50K
10525,<=50K
25037,>50K
25526,<=50K
10180,>50K
2320,>50K
16166,>50K
28997,<=50K
16119,<=50K
20055,<=50K
25065,<=50K
28924,<=50K
23923,<=50K
24998,<=50K
19293,<=50K
6788,>50K
19564,<=50K
7708,<=50K
9567,>50K
17714,>50K
2153,>50K
27198,<=50K
9040,>50K
23313,<=50K
29500,>50K
4817,<=50K
12654,<=50K
30496,>50K
21931,>50K
6746,<=50K
5770,<=50K
3115,>50K
3397,>50K
26828,>50K
27406,<=50K
27431,<=50K
9733,>50K
31122,<=50K
11775,<=50K
4410,<=50K
5222,<=50K
12876,>50K
2140,>50K
18317,<=50K
15900,<=50K
2265,>50K
31477,<=50K
31498,<=50K
20737,<=50K
17444,<=50K
23107,<=50K
10356,<=50K
29191,<=50K
2464,>50K
30086,<=50K
23657,<=50K
21112,<=50K
16872,>50K
16926,>50K
27757,<=50K
24273,<=50K
3601,<=50K
8834,<=50K
23783,<=50K
31771,>50K
20193,>50K
24625,>50K
7228,>50K
578,>50K
8931,>50K
30137,<=50K
6906,<=50K
15091,<=50K
13539,>50K
21805,<=50K
8295,<=50K
26620,<=50K
5604,>50K
8231,<=50K
26763,<=50K
30699,>50K
12554,<=50K
3000,>50K
13197,<=50K
8943,>50K
18585,<=50K
19390,>50K
30915,>50K
10739,<=50K
23297,<=50K
5226,>50K
15755,<=50K
16324,<=50K
6508,<=50K
1318,>50K
31933,<=50K
17335,<=50K
21036,<=50K
22245,<=50K
25202,<=50K
23054,<=50K
14976,<=50K
6865,<=50K
3268,<=50K
21610,<=50K
22342,>50K
22637,>50K
31789,<=50K
25905,>50K
5545,<=50K
17668,>50K
6632,<=50K
12528,<=50K
13236,<=50K
23461,<=50K
28591,<=50K
7602,<=50K
25295,<=50K
29350,<=50K
17367,<=50K
32394,>50K
7976,<=50K
14059,<=50K
30622,>50K
2710,>50K
23917,>50K
6494,<=50K
21449,<=50K
279,>50K
7033,<=50K
10919,<=50K
18471,<=50K
7301,<=50K
6395,<=50K
2344,>50K
23673,>50K
22514,<=50K
31828,>50K
29610,<=50K
18134,<=50K
25378,<=50K
13852,<=50K
11607,<=50K
31563,<=50K
29166,<=50K
20532,>50K
8079,>50K
12215,>50K
10398,>50K
24404,<=50K
25899,>50K
26648,>50K
8879,>50K
4160,<=50K
19197,>50K
278,<=50K
8602,>50K
22775,>50K
9022,<=50K
24741,<=50K
736,>50K
10519,<=50K
26481,<=50K
5186,>50K
9284,<=50K
32164,<=50K
5215,>50K
31343,<=50K
19306,<=50K
12885,<=50K
6872,<=50K
15498,<=50K
13624,<=50K
2034,>50K
936,>50K
28135,<=50K
1197,<=50K
30559,<=50K
32158,<=50K
22231,<=50K
9248,<=50K
15227,<=50K
21393,<=50K
21958,>50K
5148,<=50K
11876,<=50K
24424,>50K
16248,>50K
19044,<=50K
28049,<=50K
30386,<=50K
8227,>50K
8025,<=50K
27588,<=50K
5665,<=50K
18041,>50K
3901,<=50K
790,>50K
11794,<=50K
18527,<=50K
28301,<=50K
24328,<=50K
19040,>50K
26047,<=50K
5777,<=50K
6119,<=50K
21224,<=50K
22146,<=50K
25417,<=50K
9779,>50K
11032,<=50K
14982,<=50K
8786,<=50K
7327,<=50K
31055,<=50K
17468,<=50K
11127,<=50K
30948,>50K
2879,>50K
4771,<=50K
3105,>50K
250,>50K
17527,<=50K
10035,>50K
17895,<=50K
4762,<=50K
31998,<=50K
21864,>50K
900,<=50K
16426,<=50K
24369,>50K
8324,<=50K
14773,<=50K
2527,>50K
21080,<=50K
13094,>50K
31368,<=50K
330,<=50K
29579,<=50K
27498,<=50K
22351,<=50K
10089,>50K
13198,>50K
31175,>50K
20490,<=50K
11551,<=50K
6531,<=50K
24128,<=50K
5436,<=50K
24662,<=50K
20592,>50K
8054,<=50K
3946,<=50K
29907,>50K
1650,>50K
4413,<=50K
26457,>50K
29275,<=50K
31928,<=50K
19461,<=50K
32381,>50K
28948,<=50K
18264,>50K
20198,<=50K
14784,<=50K
430,>50K
19079,<=50K
10162,>50K
11307,<=50K
18853,<=50K
5227,<=50K
32003,<=50K
10090,>50K
13144,<=50K
18654,<=50K
17734,<=50K
2683,>50K
11029,<=50K
505,>50K
12609,<=50K
32156,>50K
20703,<=50K
28437,>50K
10429,<=50K
1610,>50K
6455,<=50K
27048,<=50K
26626,<=50K
10512,<=50K
22196,<=50K
22809,<=50K
3789,<=50K
1243,<=50K
17666,>50K
10424,<=50K
5286,<=50K
29462,<=50K
26296,<=50K
13792,>50K
17914,<=50K
15260,<=50K
14293,>50K
18318,<=50K
3931,>50K
18472,<=50K
22242,>50K
21051,<=50K
20077,>50K
4186,<=50K
30042,<=50K
3776,<=50K
21528,<=50K
14625,<=50K
7628,<=50K
20747,<=50K
11792,>50K
31116,<=50K
4579,<=50K
18634,<=50K
4707,>50K
17954,<=50K
19919,<=50K
8247,>50K
25726,<=50K
22521,<=50K
6478,<=50K
20036,<=50K
11117,<=50K
31396,<=50K
14418,<=50K
12759,<=50K
11072,<=50K
28088,>50K
29501,<=50K
19271,<=50K
24907,>50K
21193,<=50K
3813,>50K
20894,>50K
9653,<=50K
29024,<=50K
20261,<=50K
23304,<=50K
11067,>50K
29001,<=50K
18305,>50K
6580,<=50K
30209,>50K
29995,>50K
2119,>50K
30090,<=50K
31296,<=50K
11598,<=50K
5135,<=50K
18531,<=50K
8575,>50K
3125,<=50K
14980,>50K
11693,>50K
28830,<=50K
31193,<=50K
5138,<=50K
7505,<=50K
5157,<=50K
19844,<=50K
16073,<=50K
13602,<=50K
26514,>50K
3013,>50K
10193,<=50K
29560,<=50K
742,<=50K
1118,<=50K
26764,<=50K
30357,<=50K
28325,>50K
13387,<=50K
13725,<=50K
29959,<=50K
31531,>50K
8500,>50K
12836,<=50K
13459,<=50K
22531,<=50K
32378,<=50K
8892,>50K
28767,<=50K
4716,<=50K
19319,<=50K
3469,>50K
12346,<=50K
15382,>50K
585,>50K
21979,<=50K
32246,<=50K
16342,>50K
3923,>50K
20859,<=50K
15952,>50K
23361,<=50K
13903,>50K
6547,>50K
21286,<=50K
13271,>50K
10311,>50K
2858,>50K
20938,<=50K
25371,<=50K
3697,<=50K
28062,<=50K
27158,<=50K
16188,<=50K
14169,<=50K
29113,<=50K
6377,<=50K
3113,<=50K
26082,<=50K
214,>50K
21686,<=50K
18069,<=50K
1664,>50K
19976,<=50K
7907,>50K
22038,>50K
8180,<=50K
17581,<=50K
22695,>50K
17604,<=50K
5394,<=50K
15785,<=50K
31201,<=50K
532,<=50K
30182,>50K
23397,>50K
7525,<=50K
10175,>50K
4772,<=50K
15825,>50K
26659,<=50K
4047,<=50K
2848,>50K
16181,<=50K
22397,>50K
12733,>50K
8398,<=50K
4237,>50K
29681,>50K
28690,<=50K
30524,>50K
4645,<=50K
8242,>50K
10509,<=50K
22006,<=50K
18152,<=50K
27378,<=50K
20126,<=50K
8674,<=50K
28298,>50K
2275,>50K
980,>50K
5456,>50K
18757,>50K
4181,<=50K
5584,>50K
19449,<=50K
6498,<=50K
27838,<=50K
27437,<=50K
25681,<=50K
17445,<=50K
29394,<=50K
31194,<=50K
26135,>50K
23130,<=50K
25073,<=50K
11827,>50K
1426,>50K
15139,<=50K
32025,<=50K
14845,>50K
21773,>50K
31940,<=50K
12362,<=50K
18805,<=50K
12778,<=50K
11178,>50K
401,>50K
30490,<=50K
8476,<=50K
22643,>50K
31280,<=50K
12868,<=50K
6052,<=50K
26671,<=50K
10427,<=50K
13340,<=50K
11701,<=50K
10342,<=50K
1723,>50K
6319,<=50K
10579,<=50K
7667,<=50K
4280,>50K
3964,>50K
3246,<=50K
31892,>50K
22730,<=50K
6235,<=50K
19066,<=50K
4738,<=50K
15621,<=50K
27463,<=50K
30467,<=50K
621,>50K
15938,<=50K
16739,<=50K
25377,<=50K
3427,<=50K
24488,>50K
22310,<=50K
32414,>50K
24587,<=50K
9003,<=50K
16728,<=50K
25014,<=50K
25224,<=50K
3517,>50K
26598,<=50K
18817,<=50K
9214,>50K
30627,<=50K
22451,<=50K
14632,<=50K
251,>50K
10992,>50K
30817,>50K
31278,>50K
26758,>50K
24490,<=50K
26897,>50K
6552,<=50K
17651,>50K
21531,<=50K
34,<=50K
14545,<=50K
22694,<=50K
17237,<=50K
17672,<=50K
4589,<=50K
28328,>50K
18476,>50K
16451,<=50K
21231,<=50K
29924,>50K
2004,>50K
22638,<=50K
28857,<=50K
12530,<=50K
4742,<=50K
12124,<=50K
26324,<=50K
23517,<=50K
4851,<=50K
13941,>50K
4200,<=50K
9606,<=50K
4400,>50K
6418,<=50K
11900,>50K
3053,>50K
27109,<=50K
5005,<=50K
12477,>50K
20983,<=50K
30868,<=50K
20989,<=50K
20253,<=50K
15191,<=50K
18468,<=50K
24426,<=50K
19441,<=50K
12461,<=50K
28129,<=50K
747,>50K
21742,<=50K
20886,<=50K
16560,<=50K
28566,<=50K
29727,<=50K
1921,>50K
19685,>50K
26986,>50K
17226,<=50K
24750,>50K
13053,<=50K
13326,<=50K
30787,<=50K
17233,>50K
18208,<=50K
2980,<=50K
30333,>50K
14311,>50K
22160,<=50K
3382,>50K
19970,<=50K
17777,<=50K
27807,<=50K
5824,<=50K
12513,<=50K
26310,<=50K
9149,<=50K
28970,<=50K
20624,<=50K
30532,<=50K
7405,<=50K
6730,<=50K
9124,>50K
31577,<=50K
23739,<=50K
6646,<=50K
16780,<=50K
24362,>50K
1226,<=50K
21196,<=50K
25660,>50K
23343,<=50K
10192,<=50K
19636,>50K
10676,<=50K
1635,>50K
19407,<=50K
24754,<=50K
21860,<=50K
13432,>50K
4993,<=50K
3154,<=50K
25984,<=50K
29450,<=50K
29040,<=50K
1715,>50K
21649,<=50K
2874,>50K
15643,<=50K
26968,<=50K
9668,<=50K
4344,<=50K
32133,<=50K
29558,<=50K
20892,>50K
9315,>50K
24221,<=50K
24621,<=50K
795,>50K
4405,<=50K
15951,>50K
29180,<=50K
12283,<=50K
27452,<=50K
18946,<=50K
3402,>50K
31021,<=50K
3905,<=50K
8184,<=50K
22306,<=50K
1078,<=50K
3386,>50K
24040,<=50K
7578,<=50K
1758,>50K
18682,<=50K
10557,>50K
20512,<=50K
30732,>50K
971,>50K
31846,<=50K
3806,<=50K
19677,<=50K
1536,>50K
14825,<=50K
18529,<=50K
28531,<=50K
15789,>50K
26508,>50K
10272,<=50K
31909,<=50K
2805,>50K
20846,<=50K
516,<=50K
14525,>50K
18616,>50K
21529,<=50K
20370,<=50K
4540,<=50K
12110,<=50K
10217,<=50K
15692,<=50K
7760,<=50K
6870,>50K
22748,>50K
10765,<=50K
12560,<=50K
32012,<=50K
1968,>50K
17067,<=50K
26266,<=50K
12037,>50K
10092,<=50K
10329,<=50K
28106,<=50K
24744,<=50K
13291,<=50K
19803,<=50K
30127,<=50K
19398,>50K
31399,<=50K
14808,<=50K
2388,>50K
18049,>50K
5348,>50K
31973,<=50K
30810,<=50K
14183,<=50K
19084,<=50K
16147,>50K
10697,<=50K
23407,<=50K
10594,<=50K
12326,>50K
31444,<=50K
10022,<=50K
2276,>50K
28419,>50K
4884,<=50K
20347,<=50K
3298,>50K
23502,>50K
18191,<=50K
8218,<=50K
19884,<=50K
6399,<=50K
7231,>50K
9791,<=50K
18958,>50K
13783,<=50K
12082,>50K
1433,<=50K
32433,<=50K
12377,>50K
3193,>50K
7627,>50K
31153,>50K
25633,<=50K
10610,<=50K
2141,>50K
19278,>50K
6887,<=50K
15035,>50K
29760,<=50K
5853,<=50K
2174,>50K
16541,>50K
3690,>50K
22369,<=50K
2744,>50K
6965,>50K
12285,>50K
27382,<=50K
12620,>50K
7978,<=50K
16501,<=50K
28494,<=50K
6453,<=50K
14649,<=50K
12524,<=50K
16242,<=50K
1889,>50K
29677,>50K
23476,<=50K
30142,<=50K
11816,>50K
8281,<=50K
11674,<=50K
12826,<=50K
538,>50K
22829,<=50K
27401,>50K
12292,<=50K
6014,<=50K
16827,<=50K
7916,>50K
15289,<=50K
18760,>50K
9570,>50K
9384,<=50K
16277,>50K
25612,<=50K
13488,<=50K
6815,<=50K
10019,<=50K
30503,<=50K
21122,<=50K
24243,<=50K
28432,<=50K
31581,<=50K
13220,<=50K
25194,<=50K
16362,<=50K
27371,>50K
1598,>50K
19163,<=50K
15212,<=50K
12277,>50K
14303,<=50K
1710,>50K
6289,<=50K
10012,<=50K
26773,<=50K
4235,>50K
29981,>50K
31123,<=50K
28809,<=50K
25381,>50K
14535,<=50K
23129,<=50K
3014,>50K
11288,<=50K
14575,>50K
28278,<=50K
32208,<=50K
2622,>50K
23311,<=50K
27352,<=50K
23813,<=50K
22563,>50K
24758,>50K
2266,>50K
7932,>50K
8426,>50K
12810,>50K
27144,>50K
8197,>50K
32333,<=50K
27758,>50K
2903,>50K
14710,>50K
3662,>50K
24367,<=50K
28662,<=50K
2157,>50K
579,>50K
17191,>50K
17314,<=50K
12593,<=50K
3843,<=50K
21706,>50K
8362,<=50K
4347,>50K
2715,>50K
27970,>50K
15873,<=50K
7850,>50K
16367,<=50K
22332,<=50K
7748,<=50K
18461,<=50K
18909,<=50K
16897,>50K
19697,<=50K
4219,<=50K
6367,<=50K
24742,>50K
3710,>50K
19376,<=50K
6070,<=50K
15829,<=50K
705,>50K
13048,>50K
12223,>50K
11832,<=50K
28649,>50K
8374,>50K
31997,<=50K
25686,<=50K
14672,<=50K
20149,>50K
30651,<=50K
2532,>50K
14602,>50K
25889,>50K
18957,<=50K
5472,<=50K
17813,<=50K
16518,<=50K
8191,<=50K
29566,>50K
20201,<=50K
28846,<=50K
1113,<=50K
22980,<=50K
15095,<=50K
31007,>50K
20621,<=50K
10953,>50K
23133,<=50K
30387,<=50K
19443,<=50K
1719,>50K
31284,>50K
7431,<=50K
16233,<=50K
23198,<=50K
12758,>50K
15296,>50K
5561,<=50K
23837,>50K
11526,<=50K
27041,>50K
7514,<=50K
14459,<=50K
29039,<=50K
14446,<=50K
8480,>50K
31707,<=50K
8344,<=50K
28455,<=50K
880,>50K
16914,>50K
28267,<=50K
6876,>50K
11811,>50K
15506,>50K
1246,<=50K
27277,<=50K
6373,<=50K
9857,<=50K
21102,<=50K
11513,<=50K
13985,>50K
25773,<=50K
18839,<=50K
9328,>50K
24700,<=50K
22739,<=50K
16783,<=50K
18216,<=50K
23302,<=50K
16868,>50K
2754,>50K
22716,<=50K
3208,<=50K
29303,<=50K
16253,<=50K
6635,<=50K
12361,>50K
4372,<=50K
29918,<=50K
7839,<=50K
22345,<=50K
2678,>50K
32341,<=50K
644,>50K
22633,>50K
16187,<=50K
6933,>50K
3508,<=50K
16792,<=50K
21748,>50K
32251,<=50K
18801,<=50K
21480,<=50K
11229,>50K
3732,>50K
22291,<=50K
8617,>50K
19608,<=50K
6145,<=50K
16810,<=50K
18615,<=50K
738,>50K
19972,>50K
13617,<=50K
15647,<=50K
6164,<=50K
173,>50K
22937,>50K
18418,<=50K
5034,<=50K
4120,<=50K
19802,<=50K
9222,<=50K
10388,>50K
11903,<=50K
14778,<=50K
21123,<=50K
22043,<=50K
27748,>50K
16551,<=50K
16349,<=50K
29820,<=50K
21724,>50K
12821,>50K
12402,<=50K
3876,<=50K
22021,<=50K
28148,<=50K
18933,<=50K
26251,>50K
16004,<=50K
18016,<=50K
19302,<=50K
29108,<=50K
11018,>50K
17968,>50K
16908,>50K
2111,>50K
10853,<=50K
17624,>50K
13498,<=50K
13458,>50K
31637,<=50K
32407,<=50K
1503,<=50K
11758,>50K
29543,<=50K
15868,<=50K
29732,>50K
5836,<=50K
12978,<=50K
2974,>50K
6803,<=50K
22599,<=50K
7528,<=50K
26940,<=50K
2932,<=50K
6293,>50K
20678,>50K
22087,>50K
22802,<=50K
17775,>50K
30811,>50K
27398,<=50K
32468,<=50K
21016,>50K
17115,<=50K
21495,>50K
24405,<=50K
18169,<=50K
21032,<=50K
11399,<=50K
1992,>50K
8902,>50K
28317,<=50K
24164,<=50K
22020,<=50K
14181,<=50K
5843,>50K
25732,>50K
26264,<=50K
19777,<=50K
550,>50K
22128,>50K
27099,<=50K
8413,<=50K
17219,>50K
13525,<=50K
8439,<=50K
12741,>50K
30399,>50K
25205,<=50K
8870,<=50K
23330,>50K
844,>50K
32511,>50K
31834,<=50K
17460,<=50K
18327,<=50K
21139,>50K
28274,<=50K
20441,<=50K
25698,<=50K
28392,<=50K
24017,>50K
20742,>50K
29720,<=50K
21707,>50K
20117,<=50K
1483,<=50K
18815,<=50K
12032,>50K
20745,<=50K
323,<=50K
15241,<=50K
4165,<=50K
20489,>50K
20090,<=50K
13766,>50K
14583,>50K
25175,<=50K
31157,>50K
30799,>50K
9845,<=50K
12854,<=50K
9842,<=50K
12738,<=50K
12599,<=50K
7267,<=50K
16976,<=50K
10656,<=50K
14495,>50K
14499,<=50K
341,<=50K
19371,<=50K
17829,>50K
5859,>50K
16461,<=50K
5128,<=50K
18239,>50K
11997,>50K
15598,<=50K
18021,<=50K
6939,>50K
4871,>50K
833,>50K
9800,<=50K
28806,<=50K
16686,>50K
4913,<=50K
22682,>50K
21337,<=50K
8478,>50K
26902,<=50K
24397,<=50K
26314,<=50K
1508,<=50K
6983,<=50K
26932,>50K
5595,<=50K
9536,<=50K
13214,>50K
14509,<=50K
5332,>50K
32077,<=50K
23180,<=50K
31400,<=50K
30786,<=50K
28833,<=50K
4867,<=50K
11558,<=50K
18124,<=50K
16490,<=50K
9159,>50K
13845,>50K
1457,<=50K
6169,>50K
15411,<=50K
16404,<=50K
11146,<=50K
31888,<=50K
10990,<=50K
14070,>50K
19927,<=50K
22385,<=50K
19673,<=50K
2142,>50K
14216,<=50K
28794,<=50K
9427,>50K
12680,<=50K
24755,>50K
12690,<=50K
7792,<=50K
32190,<=50K
9152,<=50K
25919,<=50K
9685,>50K
13103,<=50K
19408,>50K
29342,<=50K
4794,<=50K
4246,<=50K
12645,<=50K
19772,<=50K
6912,>50K
2280,>50K
9920,<=50K
19513,<=50K
20228,>50K
18401,>50K
17979,<=50K
27790,<=50K
15509,<=50K
2561,>50K
6,<=50K
3416,>50K
13209,>50K
618,>50K
27793,<=50K
17341,<=50K
19634,<=50K
15827,>50K
29197,<=50K
15452,>50K
29589,<=50K
19995,<=50K
7241,<=50K
8124,<=50K
6604,<=50K
17255,<=50K
25011,>50K
1994,>50K
25982,<=50K
9202,>50K
4547,<=50K
2867,>50K
3047,>50K
14143,>50K
8241,<=50K
18421,>50K
25024,>50K
17960,<=50K
7780,<=50K
8510,>50K
19762,<=50K
23341,<=50K
17579,<=50K
5187,<=50K
13315,<=50K
16011,<=50K
25764,>50K
19992,>50K
24389,<=50K
30414,<=50K
15097,<=50K
22343,>50K
10959,<=50K
30891,<=50K
46,>50K
4949,>50K
26224,<=50K
24140,<=50K
14843,<=50K
26462,<=50K
2346,>50K
1138,<=50K
24302,<=50K
19399,<=50K
18328,>50K
26670,<=50K
24522,<=50K
19200,>50K
15270,>50K
6425,<=50K
4844,<=50K
20398,>50K
3525,>50K
15758,>50K
12947,<=50K
27482,>50K
3248,<=50K
10721,>50K
14152,>50K
6206,<=50K
14384,>50K
31622,>50K
10004,>50K
20484,<=50K
11753,<=50K
24551,>50K
24230,>50K
12831,<=50K
22705,<=50K
29406,<=50K
9482,>50K
8048,<=50K
27011,>50K
18334,<=50K
28723,>50K
8634,<=50K
16536,<=50K
30616,>50K
12133,>50K
30178,<=50K
15672,<=50K
30824,<=50K
17757,<=50K
28545,>50K
9267,<=50K
22453,<=50K
31536,<=50K
10444,<=50K
16797,>50K
15778,>50K
878,>50K
4216,<=50K
4189,<=50K
7094,<=50K
26204,<=50K
10359,<=50K
19153,<=50K
19649,>50K
14050,<=50K
16467,<=50K
28382,<=50K
25300,<=50K
6267,<=50K
3547,>50K
6596,<=50K
20282,<=50K
5746,<=50K
10319,<=50K
24576,<=50K
13011,<=50K
10855,<=50K
13702,>50K
2393,>50K
27669,<=50K
13712,<=50K
12340,<=50K
5199,>50K
29930,<=50K
2958,>50K
31663,<=50K
32534,<=50K
17687,<=50K
5038,<=50K
19548,<=50K
485,>50K
27135,>50K
26771,<=50K
17220,>50K
12325,<=50K
1972,>50K
200,<=50K
6909,<=50K
31117,>50K
14351,>50K
18524,<=50K
17281,>50K
15742,<=50K
4105,<=50K
12848,<=50K
28994,<=50K
19592,<=50K
21487,<=50K
17423,>50K
12980,>50K
13153,<=50K
12830,<=50K
3829,>50K
32138,<=50K
10719,<=50K
8351,>50K
15365,>50K
24595,<=50K
3058,>50K
9430,<=50K
23598,>50K
11988,>50K
979,>50K
3502,>50K
18187,<=50K
12804,>50K
27576,<=50K
16094,>50K
28292,<=50K
1804,>50K
16763,<=50K
26374,<=50K
12042,>50K
13999,<=50K
10500,<=50K
13373,<=50K
23633,>50K
9116,<=50K
30025,<=50K
20275,>50K
8978,>50K
19998,>50K
397,>50K
10811,<=50K
26596,<=50K
19704,>50K
18195,>50K
1575,>50K
24334,>50K
23260,<=50K
22446,<=50K
10665,>50K
11766,>50K
3108,<=50K
29590,<=50K
26532,<=50K
30521,<=50K
27354,>50K
5477,>50K
12193,<=50K
10873,<=50K
21789,<=50K
6211,>50K
18872,<=50K
3834,<=50K
22964,<=50K
5155,>50K
7113,<=50K
92,>50K
10202,<=50K
31709,<=50K
8304,<=50K
31774,<=50K
5121,<=50K
20913,<=50K
25664,>50K
927,<=50K
19080,<=50K
20634,>50K
5886,<=50K
26804,<=50K
28892,<=50K
31820,>50K
20885,<=50K
2325,>50K
23350,<=50K
8317,<=50K
5407,<=50K
7339,<=50K
24263,<=50K
12526,<=50K
26798,<=50K
1190,>50K
12689,<=50K
13868,>50K
24047,<=50K
29879,<=50K
563,>50K
24439,<=50K
22607,>50K
8403,<=50K
22256,<=50K
19606,<=50K
12958,<=50K
4093,<=50K
14533,<=50K
12302,>50K
31485,>50K
20105,<=50K
351,>50K
7555,<=50K
14768,>50K
7721,<=50K
5705,<=50K
447,>50K
3580,<=50K
16573,<=50K
16889,<=50K
22334,<=50K
19022,>50K
7726,<=50K
11132,>50K
24671,<=50K
18742,>50K
2602,>50K
28996,<=50K
28378,>50K
29834,<=50K
17184,<=50K
31226,<=50K
13177,>50K
4393,<=50K
28439,<=50K
31946,<=50K
12843,>50K
16250,<=50K
22941,<=50K
11960,>50K
27250,<=50K
13295,>50K
3242,<=50K
20444,>50K
12715,<=50K
15714,<=50K
11604,<=50K
18956,<=50K
15499,<=50K
8596,>50K
1087,<=50K
21814,>50K
27906,<=50K
10443,<=50K
5382,<=50K
31183,>50K
14399,<=50K
24167,<=50K
14906,<=50K
5354,<=50K
4296,<=50K
27990,<=50K
13610,<=50K
25673,<=50K
14412,<=50K
27556,<=50K
14943,>50K
1053,<=50K
14697,>50K
17906,<=50K
13300,<=50K
8757,<=50K
8194,<=50K
25503,<=50K
20496,<=50K
20860,<=50K
6460,<=50K
31664,<=50K
28258,>50K
6663,<=50K
25870,<=50K
16936,<=50K
15486,<=50K
21506,<=50K
22019,<=50K
28060,<=50K
9674,>50K
99,>50K
12499,<=50K
1402,>50K
1676,>50K
3448,<=50K
14807,<=50K
12953,<=50K
2789,>50K
2617,>50K
21353,>50K
24130,<=50K
14222,>50K
14862,<=50K
26129,>50K
12272,<=50K
19752,<=50K
8801,<=50K
31891,<=50K
10305,<=50K
626,>50K
16168,>50K
5715,<=50K
10496,<=50K
11076,<=50K
21645,>50K
11403,<=50K
13726,<=50K
14757,>50K
28844,<=50K
2041,>50K
12994,<=50K
5414,<=50K
12092,<=50K
3106,>50K
21600,<=50K
8505,<=50K
6010,<=50K
19415,>50K
11311,<=50K
7336,<=50K
23234,<=50K
4824,<=50K
3050,>50K
20754,<=50K
21527,<=50K
23946,>50K
30725,>50K
5346,<=50K
506,>50K
26551,<=50K
31976,<=50K
29459,>50K
31424,<=50K
9183,>50K
24514,<=50K
14962,<=50K
24482,>50K
12286,>50K
12063,<=50K
30317,<=50K
6753,<=50K
29692,<=50K
12505,<=50K
17566,<=50K
27686,<=50K
11081,<=50K
23068,>50K
16113,<=50K
25943,<=50K
22243,>50K
32536,<=50K
14942,>50K
5503,<=50K
15145,>50K
25602,<=50K
11897,>50K
17957,<=50K
24628,<=50K
26816,<=50K
8211,<=50K
24943,>50K
29507,<=50K
23515,>50K
9976,<=50K
13643,<=50K
20355,<=50K
14569,>50K
19351,>50K
9997,<=50K
26635,<=50K
27947,<=50K
26756,<=50K
14742,<=50K
5979,>50K
22818,<=50K
31162,<=50K
22336,<=50K
24318,>50K
24396,<=50K
25667,<=50K
20042,<=50K
2952,>50K
10507,<=50K
29695,<=50K
16656,<=50K
27269,<=50K
15832,<=50K
24076,>50K
17001,>50K
5554,<=50K
31572,<=50K
17628,>50K
2084,>50K
28033,<=50K
16677,<=50K
27079,<=50K
17842,<=50K
9682,<=50K
6830,<=50K
16747,>50K
25087,<=50K
27114,<=50K
5653,<=50K
27558,<=50K
3445,>50K
15211,>50K
18310,>50K
10099,>50K
5236,<=50K
17411,<=50K
14458,<=50K
9902,<=50K
20388,<=50K
13874,<=50K
4962,>50K
9539,>50K
21612,<=50K
28266,>50K
24753,>50K
12922,<=50K
31031,<=50K
344,<=50K
9403,<=50K
15807,<=50K
963,<=50K
29814,<=50K
9396,<=50K
2323,>50K
4404,<=50K
12618,<=50K
2009,>50K
11965,>50K
16084,<=50K
28528,<=50K
13836,<=50K
15188,>50K
25734,>50K
4672,<=50K
22416,>50K
5742,>50K
18370,>50K
29706,<=50K
13678,<=50K
13196,>50K
23734,<=50K
1045,>50K
464,>50K
22878,>50K
1131,>50K
12403,<=50K
7317,<=50K
5018,<=50K
9406,<=50K
24877,>50K
5731,<=50K
18373,<=50K
16062,<=50K
12493,>50K
14695,<=50K
1396,<=50K
8966,<=50K
21238,<=50K
24296,>50K
27499,<=50K
1215,<=50K
23156,<=50K
26721,<=50K
16296,<=50K
3745,>50K
12799,<=50K
31287,<=50K
17781,<=50K
4810,<=50K
28882,<=50K
12568,<=50K
14337,<=50K
24915,>50K
27063,>50K
23098,<=50K
2898,>50K
15344,<=50K
664,>50K
14684,<=50K
8492,<=50K
14460,<=50K
27568,<=50K
21332,>50K
2533,>50K
19823,>50K
13713,<=50K
25724,<=50K
5377,<=50K
26783,<=50K
10746,<=50K
10783,<=50K
4569,<=50K
6072,<=50K
13559,<=50K
27176,<=50K
25976,>50K
21406,<=50K
20653,>50K
2943,>50K
29110,<=50K
15986,<=50K
2404,>50K
27978,>50K
12710,<=50K
23686,<=50K
1448,<=50K
10941,<=50K
7751,>50K
22869,>50K
16570,<=50K
19721,<=50K
27606,<=50K
24281,>50K
25601,<=50K
23378,>50K
20387,<=50K
17077,<=50K
18785,<=50K
1450,<=50K
14654,<=50K
2718,>50K
4339,<=50K
28429,>50K
15687,>50K
2918,>50K
26651,<=50K
21622,<=50K
30789,>50K
22131,>50K
5697,<=50K
16893,<=50K
7671,<=50K
12157,<=50K
26729,<=50K
13691,<=50K
28070,<=50K
21159,<=50K
26252,>50K
30084,<=50K
17403,<=50K
21069,<=50K
20856,<=50K
32011,<=50K
10385,>50K
13181,<=50K
2525,>50K
2405,>50K
15617,<=50K
6424,<=50K
8618,>50K
9185,<=50K
31475,>50K
14658,>50K
852,>50K
26766,<=50K
5218,<=50K
13449,<=50K
5100,<=50K
2236,>50K
4955,<=50K
25978,>50K
11806,<=50K
25787,>50K
15947,<=50K
18930,<=50K
5115,<=50K
19326,<=50K
17250,>50K
21502,<=50K
4034,<=50K
2281,>50K
3318,>50K
18406,>50K
25132,<=50K
28901,>50K
23126,<=50K
27414,<=50K
3929,>50K
21803,>50K
6759,<=50K
13075,<=50K
12551,<=50K
23886,>50K
20328,<=50K
14727,<=50K
23651,<=50K
13655,<=50K
1012,<=50K
11845,<=50K
15370,<=50K
21812,>50K
312,<=50K
10347,<=50K
7745,<=50K
24691,<=50K
20136,>50K
6896,<=50K
26746,<=50K
30767,>50K
22235,>50K
16088,>50K
3100,>50K
31757,<=50K
21320,>50K
474,>50K
13008,<=50K
29444,<=50K
18846,<=50K
19343,>50K
18409,>50K
18808,<=50K
11482,<=50K
32230,<=50K
6676,<=50K
13185,<=50K
20755,>50K
29889,>50K
775,>50K
1047,>50K
20220,>50K
11769,<=50K
30130,<=50K
2318,>50K
16594,<=50K
8665,>50K
29352,<=50K
7594,<=50K
11074,<=50K
22312,<=50K
6334,>50K
29752,<=50K
9295,<=50K
5081,<=50K
17626,<=50K
25655,<=50K
27506,<=50K
14581,<=50K
13544,<=50K
16853,<=50K
7516,<=50K
24961,>50K
3027,>50K
4847,<=50K
14405,<=50K
31022,<=50K
3735,>50K
10439,<=50K
15420,<=50K
674,>50K
22701,<=50K
9517,<=50K
30163,<=50K
23044,<=50K
17048,>50K
16744,>50K
31851,<=50K
2222,>50K
20998,<=50K
3077,>50K
2907,>50K
18862,<=50K
8615,<=50K
2819,>50K
9071,<=50K
2571,>50K
13195,<=50K
24963,<=50K
32073,<=50K
18331,<=50K
6594,<=50K
7204,<=50K
32495,>50K
3425,<=50K
26232,<=50K
15917,>50K
23535,<=50K
1302,<=50K
12957,>50K
24084,>50K
16190,<=50K
29253,>50K
2541,>50K
14344,<=50K
8283,>50K
7467,<=50K
14689,<=50K
22753,<=50K
30847,>50K
8477,<=50K
31894,>50K
10543,<=50K
22030,<=50K
30513,>50K
11858,>50K
3594,<=50K
3474,<=50K
16730,<=50K
26785,<=50K
6797,<=50K
19757,>50K
1738,>50K
27609,>50K
3949,<=50K
12506,>50K
26953,<=50K
21983,>50K
29962,<=50K
22150,>50K
20507,<=50K
16403,>50K
26126,<=50K
7112,>50K
9771,<=50K
4706,<=50K
3473,>50K
11860,<=50K
19807,>50K
30782,<=50K
18893,<=50K
15018,<=50K
4143,<=50K
13217,<=50K
19474,>50K
26488,<=50K
2457,>50K
1276,<=50K
9469,<=50K
8240,<=50K
22822,>50K
8454,<=50K
15009,<=50K
21397,<=50K
11733,<=50K
23134,<=50K
16761,<=50K
1482,<=50K
5910,<=50K
872,>50K
9507,<=50K
18536,<=50K
3349,>50K
14682,<=50K
22929,<=50K
28208,<=50K
17230,<=50K
1453,<=50K
3707,>50K
13332,<=50K
16287,>50K
25588,>50K
21757,<=50K
15067,<=50K
30258,>50K
10322,>50K
11807,<=50K
23751,>50K
20134,<=50K
13468,<=50K
10718,>50K
18419,>50K
8489,<=50K
1640,>50K
8028,>50K
15189,<=50K
18484,<=50K
20692,<=50K
17203,>50K
4305,>50K
8119,<=50K
12148,<=50K
5461,>50K
31336,>50K
13912,>50K
25386,<=50K
25937,<=50K
14223,<=50K
24906,<=50K
17969,<=50K
13577,>50K
32053,<=50K
21046,<=50K
29568,>50K
6902,>50K
31598,<=50K
16597,<=50K
15727,<=50K
831,>50K
17388,>50K
866,>50K
25514,>50K
33,>50K
9084,>50K
21873,<=50K
19696,<=50K
19793,<=50K
18359,<=50K
6328,<=50K
29379,>50K
16621,<=50K
4156,<=50K
3394,>50K
24836,<=50K
3455,>50K
274,<=50K
31701,>50K
8318,<=50K
27791,<=50K
6263,<=50K
7563,<=50K
2767,>50K
11685,<=50K
29812,>50K
14827,<=50K
27185,<=50K
6216,<=50K
15841,>50K
8072,<=50K
16750,<=50K
12739,<=50K
23592,<=50K
26865,>50K
15550,<=50K
25763,<=50K
17462,<=50K
30376,<=50K
17242,<=50K
11121,<=50K
3045,>50K
23718,<=50K
27641,<=50K
26453,>50K
20697,<=50K
20571,<=50K
19165,<=50K
20289,<=50K
31341,>50K
16773,<=50K
28193,<=50K
29841,<=50K
29526,<=50K
7539,<=50K
19015,>50K
29050,>50K
3063,>50K
6151,<=50K
27241,<=50K
31348,<=50K
18072,<=50K
20274,<=50K
22940,<=50K
31787,<=50K
23637,<=50K
3922,>50K
29120,<=50K
16987,<=50K
32375,<=50K
17324,<=50K
8013,>50K
8890,>50K
15508,<=50K
8914,>50K
2635,>50K
1411,>50K
6925,<=50K
11818,<=50K
18791,<=50K
9778,<=50K
3023,>50K
27869,>50K
16813,<=50K
30809,<=50K
11911,<=50K
19920,<=50K
19560,<=50K
5803,<=50K
14664,>50K
14283,>50K
19400,>50K
3698,>50K
5501,<=50K
27095,<=50K
939,>50K
7908,<=50K
24518,<=50K
10643,<=50K
19217,<=50K
2585,>50K
27692,>50K
30777,<=50K
4890,>50K
5720,<=50K
2949,>50K
11387,<=50K
3230,<=50K
29519,<=50K
19514,<=50K
15397,<=50K
31576,<=50K
4308,>50K
18575,<=50K
3938,<=50K
8331,<=50K
11306,<=50K
7924,>50K
3256,<=50K
10630,<=50K
30288,<=50K
31083,<=50K
29172,<=50K
25346,<=50K
4241,<=50K
776,>50K
480,>50K
25858,<=50K
19789,<=50K
15076,>50K
911,<=50K
19736,<=50K
28756,>50K
22098,<=50K
2982,<=50K
17978,<=50K
1388,>50K
22188,<=50K
5780,<=50K
14822,<=50K
28480,<=50K
1698,>50K
19126,>50K
30381,>50K
4201,<=50K
3441,<=50K
24083,<=50K
8866,<=50K
11592,<=50K
17104,>50K
27457,>50K
20598,>50K
12480,<=50K
15468,>50K
811,>50K
25271,<=50K
5225,>50K
15107,<=50K
5422,<=50K
3056,>50K
28799,<=50K
6003,<=50K
32130,<=50K
15933,<=50K
24561,<=50K
13759,<=50K
17215,<=50K
1103,<=50K
15556,<=50K
2947,>50K
18954,>50K
4061,<=50K
26594,<=50K
12267,<=50K
5094,<=50K
4285,>50K
7152,<=50K
13875,<=50K
10045,<=50K
15477,<=50K
28331,<=50K
16024,<=50K
1475,<=50K
14242,<=50K
30442,>50K
29107,<=50K
13742,<=50K
9838,<=50K
5894,<=50K
27196,<=50K
8145,<=50K
13593,<=50K
20255,<=50K
12014,>50K
8101,<=50K
3858,<=50K
30454,<=50K
1434,>50K
12022,<=50K
19759,>50K
6562,>50K
15885,<=50K
29850,<=50K
5915,>50K
27340,<=50K
4932,<=50K
8440,<=50K
1590,>50K
30244,<=50K
2633,>50K
29673,<=50K
4756,<=50K
7889,<=50K
25210,<=50K
10408,<=50K
9672,<=50K
1834,>50K
20553,<=50K
5403,<=50K
24432,<=50K
19274,<=50K
22247,<=50K
26058,<=50K
5035,<=50K
2492,>50K
32108,<=50K
11815,<=50K
2342,>50K
18516,<=50K
22898,<=50K
24499,<=50K
31252,>50K
31421,<=50K
28056,<=50K
22944,<=50K
31174,<=50K
14204,<=50K
5683,<=50K
19746,<=50K
25214,>50K
18192,<=50K
8742,>50K
15980,<=50K
26830,>50K
25286,<=50K
11144,<=50K
15543,<=50K
30420,<=50K
17549,<=50K
8895,<=50K
3509,>50K
10075,<=50K
11195,<=50K
13681,>50K
22507,>50K
3202,>50K
9192,<=50K
16793,>50K
5640,<=50K
30978,<=50K
9090,<=50K
16278,<=50K
10263,>50K
3410,>50K
2467,>50K
19537,>50K
26426,<=50K
17893,<=50K
8710,>50K
6904,>50K
22891,>50K
17243,<=50K
22519,<=50K
12354,>50K
2012,>50K
26892,>50K
4688,<=50K
13002,<=50K
13720,<=50K
6024,>50K
8591,<=50K
7047,<=50K
8763,<=50K
16124,>50K
3761,<=50K
10963,<=50K
9153,<=50K
27184,<=50K
14180,<=50K
27166,>50K
4596,<=50K
17852,<=50K
21489,<=50K
30266,<=50K
27550,<=50K
19458,>50K
30676,<=50K
19908,>50K
11056,>50K
17963,>50K
8285,<=50K
3694,>50K
9125,<=50K
3588,<=50K
14872,>50K
28586,<=50K
6224,>50K
1661,>50K
23755,<=50K
23844,<=50K
2950,<=50K
2714,>50K
3638,<=50K
17808,<=50K
27438,<=50K
27054,<=50K
17185,<=50K
15058,<=50K
24496,<=50K
25433,>50K
14994,>50K
19542,<=50K
2992,>50K
1937,>50K
8971,<=50K
14386,>50K
23449,<=50K
10549,<=50K
16183,>50K
6934,>50K
13633,<=50K
10689,>50K
22434,<=50K
1346,<=50K
1282,<=50K
3510,>50K
19138,<=50K
2310,>50K
3518,<=50K
3706,>50K
22007,>50K
19620,<=50K
21658,<=50K
17661,>50K
32277,>50K
28893,>50K
32054,<=50K
2442,>50K
5453,>50K
1395,<=50K
21830,<=50K
7341,>50K
8087,<=50K
30092,>50K
31213,<=50K
451,>50K
22546,<=50K
32263,<=50K
52,>50K
6291,>50K
19078,>50K
10157,>50K
8037,<=50K
15130,>50K
25723,<=50K
12056,>50K
9362,<=50K
3928,>50K
18963,>50K
3463,<=50K
7305,<=50K
15939,<=50K
14804,<=50K
31243,<=50K
16851,<=50K
7553,<=50K
12230,<=50K
2929,<=50K
10879,<=50K
6480,>50K
31309,>50K
24859,>50K
9574,>50K
10470,<=50K
7731,<=50K
16420,>50K
10926,<=50K
19260,>50K
21648,>50K
15080,<=50K
31781,<=50K
12054,<=50K
10413,<=50K
5195,<=50K
24237,>50K
22870,>50K
2904,>50K
24586,>50K
501,>50K
30122,>50K
12220,<=50K
16960,<=50K
18796,<=50K
21090,>50K
20809,<=50K
15274,<=50K
31110,<=50K
23235,<=50K
6631,>50K
16596,>50K
28252,<=50K
15606,>50K
9876,<=50K
30698,<=50K
2029,>50K
24601,<=50K
12353,<=50K
8570,<=50K
30426,<=50K
12518,>50K
21284,>50K
9331,<=50K
27871,<=50K
9162,>50K
21152,<=50K
13551,<=50K
9418,<=50K
30319,<=50K
28569,<=50K
22472,<=50K
27194,<=50K
8929,>50K
4408,<=50K
9391,>50K
12339,>50K
21652,<=50K
19887,>50K
24739,<=50K
10125,<=50K
27190,<=50K
8407,<=50K
10462,<=50K
17306,>50K
15122,<=50K
28827,<=50K
32041,<=50K
18009,<=50K
6867,>50K
8516,<=50K
19828,<=50K
28354,<=50K
28390,<=50K
6087,<=50K
22513,<=50K
14413,<=50K
31327,<=50K
4584,<=50K
7986,<=50K
1182,<=50K
3222,<=50K
20984,<=50K
18571,>50K
22654,<=50K
16486,<=50K
3265,<=50K
15495,<=50K
11732,<=50K
29147,>50K
11974,>50K
6994,>50K
17433,<=50K
26306,<=50K
30115,>50K
27740,<=50K
5096,<=50K
4220,<=50K
11909,<=50K
11591,<=50K
6633,<=50K
15878,>50K
100,>50K
27708,<=50K
7155,>50K
2207,>50K
20455,>50K
5068,<=50K
7793,>50K
31761,>50K
3254,<=50K
20941,>50K
14471,<=50K
31505,>50K
22004,<=50K
9419,>50K
22773,<=50K
12827,<=50K
23163,<=50K
17803,<=50K
25541,<=50K
21303,>50K
9992,>50K
22364,<=50K
27126,>50K
26111,<=50K
14620,<=50K
6836,<=50K
21269,>50K
29999,>50K
8762,<=50K
7353,<=50K
22121,<=50K
22894,<=50K
22324,<=50K
16255,<=50K
2676,>50K
2070,>50K
32266,<=50K
25874,<=50K
6126,<=50K
25385,>50K
23024,>50K
23160,<=50K
23357,<=50K
22586,<=50K
8442,<=50K
30712,>50K
789,>50K
24403,<=50K
20087,>50K
9826,<=50K
31111,<=50K
24923,<=50K
19562,<=50K
9918,<=50K
2061,>50K
19837,<=50K
28574,<=50K
29239,>50K
7012,<=50K
8047,>50K
1966,>50K
280,>50K
7606,<=50K
18081,>50K
1690,>50K
12865,<=50K
7495,<=50K
29041,<=50K
2043,>50K
29857,>50K
30385,<=50K
28580,>50K
21018,<=50K
16297,<=50K
22827,<=50K
23191,>50K
9363,<=50K
14307,>50K
879,>50K
30512,<=50K
18759,<=50K
22389,<=50K
10935,<=50K
22458,<=50K
5987,<=50K
23189,<=50K
20557,<=50K
1569,>50K
19196,>50K
6108,>50K
9086,<=50K
17925,<=50K
22130,>50K
23194,>50K
13933,<=50K
30659,<=50K
27403,<=50K
5841,>50K
14584,>50K
1266,<=50K
25779,<=50K
11791,<=50K
24193,<=50K
24020,<=50K
23855,<=50K
21052,>50K
7755,<=50K
2227,>50K
5040,<=50K
1962,>50K
16660,<=50K
30714,<=50K
10670,>50K
5001,>50K
14612,<=50K
16317,>50K
17404,>50K
17446,<=50K
121,>50K
18762,>50K
6888,<=50K
15922,<=50K
5638,>50K
24094,>50K
9473,<=50K
4659,<=50K
6502,<=50K
19753,<=50K
5107,>50K
21900,<=50K
4475,>50K
18568,>50K
9212,<=50K
2398,>50K
3842,<=50K
29965,<=50K
31578,>50K
3585,<=50K
25868,<=50K
24914,<=50K
9098,<=50K
10227,<=50K
334,<=50K
13497,<=50K
15396,>50K
13710,>50K
32374,<=50K
5647,>50K
27335,<=50K
19703,<=50K
8511,<=50K
4520,<=50K
5191,>50K
15907,>50K
14480,>50K
29298,<=50K
4206,<=50K
11783,>50K
18095,<=50K
15503,>50K
11768,<=50K
15071,<=50K
27316,>50K
16315,>50K
32295,<=50K
29060,<=50K
30563,>50K
22883,<=50K
24411,>50K
13413,<=50K
29457,<=50K
23338,<=50K
15786,>50K
27719,<=50K
22584,>50K
657,>50K
23041,<=50K
18210,<=50K
9240,>50K
24093,<=50K
5678,<=50K
15026,<=50K
993,<=50K
943,>50K
15661,<=50K
21399,<=50K
31876,>50K
22294,<=50K
8485,<=50K
27602,<=50K
7571,>50K
25333,<=50K
10968,<=50K
19699,<=50K
15117,<=50K
21512,<=50K
26389,<=50K
22768,<=50K
22703,<=50K
7451,<=50K
30359,<=50K
905,<=50K
5623,>50K
20168,<=50K
32267,>50K
29360,<=50K
21218,<=50K
25665,<=50K
7212,<=50K
21850,<=50K
7503,>50K
11746,<=50K
11378,>50K
23912,>50K
26205,<=50K
3322,>50K
7893,>50K
18962,<=50K
7474,>50K
14177,<=50K
19328,>50K
30884,>50K
6204,<=50K
11838,<=50K
26675,<=50K
27986,>50K
5133,<=50K
9579,<=50K
15102,<=50K
30153,<=50K
26579,>50K
21901,<=50K
4028,<=50K
24180,<=50K
25918,>50K
5863,<=50K
21343,<=50K
6067,<=50K
21455,>50K
13950,>50K
12023,>50K
18253,<=50K
15024,<=50K
27060,>50K
20635,<=50K
22106,<=50K
13243,>50K
17712,<=50K
7826,<=50K
16580,>50K
7414,>50K
10011,<=50K
7091,>50K
8713,<=50K
26151,<=50K
32256,<=50K
18487,<=50K
11004,<=50K
3172,>50K
31866,>50K
16411,<=50K
14829,<=50K
17142,>50K
3769,<=50K
21790,<=50K
10840,<=50K
8958,>50K
14957,>50K
21130,<=50K
19969,<=50K
24893,>50K
27747,<=50K
12567,<=50K
7981,<=50K
28600,<=50K
12066,<=50K
22796,>50K
22492,<=50K
21674,>50K
31748,<=50K
6316,<=50K
2664,>50K
10709,<=50K
30270,<=50K
18367,>50K
30643,<=50K
5754,<=50K
3826,>50K
2508,>50K
596,>50K
19017,<=50K
17571,<=50K
26710,>50K
32471,>50K
10761,<=50K
21578,<=50K
19505,>50K
31819,>50K
30180,>50K
25455,<=50K
10168,<=50K
288,<=50K
29955,>50K
13685,<=50K
30024,>50K
3492,<=50K
26874,>50K
32443,>50K
13141,<=50K
4217,<=50K
4469,<=50K
16949,<=50K
3848,<=50K
4819,<=50K
12800,<=50K
29084,>50K
23670,<=50K
16366,>50K
26941,<=50K
12441,<=50K
19467,<=50K
5221,<=50K
10914,>50K
22572,<=50K
21854,>50K
5627,>50K
12244,<=50K
28614,<=50K
702,>50K
15427,<=50K
26072,<=50K
343,<=50K
32382,>50K
4070,<=50K
4149,<=50K
912,<=50K
31840,<=50K
7722,>50K
26013,>50K
26326,<=50K
14094,<=50K
14630,<=50K
1035,>50K
27019,<=50K
14729,<=50K
12139,<=50K
8,<=50K
23434,<=50K
31238,>50K
31797,<=50K
11717,<=50K
8340,<=50K
16697,<=50K
32306,>50K
11680,<=50K
11702,<=50K
22650,<=50K
11879,<=50K
27366,<=50K
14000,<=50K
17950,>50K
25964,<=50K
30026,<=50K
1680,>50K
18859,>50K
28630,>50K
22936,<=50K
15895,>50K
30389,<=50K
15218,<=50K
4641,<=50K
651,>50K
17240,<=50K
30100,<=50K
12774,<=50K
31217,<=50K
715,>50K
24088,<=50K
13063,>50K
23307,<=50K
26600,>50K
29339,<=50K
32001,<=50K
21608,>50K
26861,<=50K
12681,>50K
5556,>50K
16270,<=50K
29865,<=50K
10835,<=50K
19051,<=50K
28123,<=50K
28733,<=50K
21156,>50K
718,>50K
16801,<=50K
30755,<=50K
23645,<=50K
27488,<=50K
13957,>50K
24584,<=50K
7840,<=50K
25287,>50K
4282,<=50K
5908,>50K
18396,<=50K
27773,<=50K
5500,>50K
5304,<=50K
20613,<=50K
3488,<=50K
8960,<=50K
7178,<=50K
5220,<=50K
6039,<=50K
11809,>50K
29269,<=50K
26867,>50K
16822,<=50K
7442,<=50K
11942,>50K
12405,<=50K
26528,>50K
22530,<=50K
12266,<=50K
10406,>50K
10122,<=50K
26509,<=50K
26260,<=50K
15541,<=50K
12381,<=50K
18637,<=50K
30335,<=50K
27603,<=50K
24780,<=50K
32389,<=50K
29334,<=50K
22819,<=50K
12024,<=50K
16463,<=50K
5553,<=50K
6271,<=50K
5165,<=50K
29022,>50K
12711,<=50K
4424,<=50K
199,<=50K
23444,>50K
9397,<=50K
8880,<=50K
7901,<=50K
30675,<=50K
28522,<=50K
28359,<=50K
20241,<=50K
9112,<=50K
30713,>50K
16115,>50K
21903,<=50K
9480,<=50K
3799,>50K
18355,<=50K
19032,<=50K
24235,<=50K
6857,>50K
15558,>50K
14236,<=50K
346,<=50K
1945,>50K
31496,<=50K
16912,<=50K
24931,>50K
16444,>50K
22293,<=50K
19822,<=50K
13707,<=50K
9707,<=50K
16045,<=50K
1414,>50K
31854,>50K
30293,<=50K
29801,<=50K
19966,<=50K
27858,<=50K
19701,<=50K
26118,<=50K
18612,<=50K
10527,<=50K
14950,<=50K
31930,<=50K
144,<=50K
12862,<=50K
26655,<=50K
1050,>50K
19698,>50K
17827,<=50K
31026,<=50K
1512,<=50K
13499,<=50K
24261,<=50K
3064,>50K
7576,<=50K
11011,<=50K
16971,<=50K
19429,>50K
1818,>50K
6951,>50K
18267,<=50K
8040,<=50K
19365,<=50K
22080,<=50K
24939,<=50K
15297,<=50K
19952,>50K
18789,>50K
15391,<=50K
26093,<=50K
20066,<=50K
20419,>50K
31484,<=50K
19482,<=50K
5383,<=50K
31839,>50K
7757,<=50K
5478,<=50K
4115,<=50K
18940,<=50K
30585,>50K
11869,>50K
29268,<=50K
19794,>50K
26411,>50K
12667,>50K
5532,>50K
25545,>50K
24612,>50K
25653,<=50K
23794,<=50K
16143,<=50K
24117,<=50K
13360,>50K
10078,<=50K
28471,<=50K
31205,>50K
15801,>50K
4894,<=50K
18790,>50K
9434,<=50K
13457,<=50K
12200,<=50K
32438,>50K
4665,>50K
29713,<=50K
4783,>50K
7542,<=50K
11321,>50K
21946,<=50K
8341,>50K
20122,<=50K
14898,<=50K
4037,<=50K
30331,<=50K
28492,>50K
21992,<=50K
8090,<=50K
12152,<=50K
26473,<=50K
18780,>50K
7481,<=50K
30135,<=50K
30339,>50K
28017,>50K
1771,>50K
28453,<=50K
18486,<=50K
8288,>50K
24069,<=50K
2136,>50K
10132,<=50K
11342,<=50K
29171,>50K
9534,<=50K
8238,<=50K
10368,>50K
9433,<=50K
27867,<=50K
26032,>50K
31860,<=50K
15782,>50K
16745,<=50K
11335,<=50K
6419,>50K
10289,>50K
4203,<=50K
10969,<=50K
31682,<=50K
28079,<=50K
261,>50K
31401,<=50K
19085,<=50K
10688,<=50K
9646,<=50K
25708,<=50K
25240,<=50K
10624,<=50K
7880,<=50K
21412,<=50K
26695,>50K
22527,>50K
20177,<=50K
11932,<=50K
656,>50K
27548,<=50K
17470,<=50K
24539,>50K
31249,<=50K
27981,>50K
21011,<=50K
31492,<=50K
17523,>50K
30549,<=50K
32377,<=50K
18804,<=50K
20887,<=50K
3532,<=50K
6708,<=50K
1444,<=50K
8121,<=50K
2901,>50K
15288,<=50K
30489,<=50K
4845,<=50K
14928,<=50K
11044,<=50K
9477,<=50K
24790,<=50K
23254,>50K
21287,>50K
3128,>50K
3634,<=50K
5219,<=50K
23871,>50K
12687,<=50K
7472,>50K
2334,>50K
1489,<=50K
11511,<=50K
14192,>50K
17329,<=50K
1851,>50K
11015,<=50K
1366,<=50K
24444,<=50K
24592,>50K
5980,<=50K
18905,<=50K
13259,<=50K
25414,<=50K
21265,<=50K
12578,<=50K
21456,<=50K
10397,>50K
28098,<=50K
12085,<=50K
4256,>50K
24609,<=50K
7388,>50K
9704,<=50K
367,>50K
30200,<=50K
8628,<=50K
22090,<=50K
5763,>50K
27007,<=50K
127,<=50K
22068,<=50K
11570,<=50K
20315,>50K
30930,>50K
11355,<=50K
32391,<=50K
25986,<=50K
456,>50K
13651,<=50K
31257,<=50K
22555,<=50K
14526,<=50K
1805,>50K
30,<=50K
23286,<=50K
4468,<=50K
31046,>50K
21624,>50K
3162,>50K
3498,<=50K
29508,<=50K
4970,<=50K
14668,<=50K
6814,<=50K
16313,<=50K
13477,<=50K
15724,<=50K
19221,>50K
10054,<=50K
14261,>50K
21867,<=50K
25182,>50K
25306,<=50K
16757,<=50K
10353,<=50K
9056,<=50K
16900,>50K
13552,<=50K
19397,>50K
28684,<=50K
9887,<=50K
6742,<=50K
12959,<=50K
10906,<=50K
536,>50K
12151,<=50K
14420,<=50K
3778,<=50K
15311,<=50K
29805,>50K
7438,<=50K
15793,>50K
24585,<=50K
19468,<=50K
7554,>50K
25076,<=50K
9731,<=50K
25258,<=50K
